﻿<?xml version="1.0" encoding="utf-8"?><toc><breadcrumbs><li><a href="d75eb659-6335-53f6-af7a-81814a21ab7f.htm">Docs</a></li><li><a href="d75eb659-6335-53f6-af7a-81814a21ab7f.htm">mediatek<wbr />Document</a></li></breadcrumbs><tocItems><li><a id="07e391de-a4f4-0209-ca5d-3ebd956678f1" class="has-submenu" href="07e391de-a4f4-0209-ca5d-3ebd956678f1.htm"><span data-tocFile="../toc/IDAA.xml" class="icon toggle" onclick="ToggleExpandCollapse(this); return false;"><i class="fa fa-angle-right"> </i></span>Media<wbr />Tek<wbr />Documents.<wbr />dal</a><ul class="toc-menu is-hidden"> </ul></li><li><a id="1879d13b-5086-4fb4-ec22-c705f880be63" class="has-submenu" href="1879d13b-5086-4fb4-ec22-c705f880be63.htm"><span data-tocFile="../toc/IDBA.xml" class="icon toggle" onclick="ToggleExpandCollapse(this); return false;"><i class="fa fa-angle-right"> </i></span>Media<wbr />Tek<wbr />Documents.<wbr />model</a><ul class="toc-menu is-hidden"> </ul></li><li><a id="c021eb07-3a98-521c-cbc3-410c6a0a9c81" class="has-submenu" href="c021eb07-3a98-521c-cbc3-410c6a0a9c81.htm"><span data-tocFile="../toc/IDCA.xml" class="icon toggle" onclick="ToggleExpandCollapse(this); return false;"><i class="fa fa-angle-right"> </i></span>Media<wbr />Tek<wbr />Documents.<wbr />view</a><ul class="toc-menu is-hidden"> </ul></li></tocItems></toc>