﻿<?xml version="1.0" encoding="utf-8"?><toc><breadcrumbs><li><a href="d75eb659-6335-53f6-af7a-81814a21ab7f.htm">Docs</a></li><li><a href="d75eb659-6335-53f6-af7a-81814a21ab7f.htm">mediatek<wbr />Document</a></li><li><a href="07e391de-a4f4-0209-ca5d-3ebd956678f1.htm">Media<wbr />Tek<wbr />Documents.<wbr />dal</a></li><li><a href="d5b248fe-b3ca-0e5b-9aaa-187afae5d871.htm">Access</a></li></breadcrumbs><tocItems><li><a id="f575a885-4c59-26e0-7020-61d509c7317f" class="has-submenu" href="f575a885-4c59-26e0-7020-61d509c7317f.htm"><span data-tocFile="../toc/IDAAAA.xml" class="icon toggle" onclick="ToggleExpandCollapse(this); return false;"><i class="fa fa-angle-right"> </i></span>Methods</a><ul class="toc-menu is-hidden"> </ul></li></tocItems></toc>