﻿<?xml version="1.0" encoding="utf-8"?><toc><breadcrumbs><li><a href="d75eb659-6335-53f6-af7a-81814a21ab7f.htm">Docs</a></li><li><a href="d75eb659-6335-53f6-af7a-81814a21ab7f.htm">mediatek<wbr />Document</a></li><li><a href="07e391de-a4f4-0209-ca5d-3ebd956678f1.htm">Media<wbr />Tek<wbr />Documents.<wbr />dal</a></li><li><a href="d5b248fe-b3ca-0e5b-9aaa-187afae5d871.htm">Access</a></li><li><a href="f575a885-4c59-26e0-7020-61d509c7317f.htm">Methods</a></li></breadcrumbs><tocItems><li><a id="ba82f7af-e1ac-edfd-4d5d-79d56ad28b8d" href="ba82f7af-e1ac-edfd-4d5d-79d56ad28b8d.htm">Creer<wbr />Abonnement</a></li><li><a id="80c7d995-a9b7-879e-b6f3-9d8e9cc1d89b" href="80c7d995-a9b7-879e-b6f3-9d8e9cc1d89b.htm">Creer<wbr />Commande<wbr />Document</a></li><li><a id="a7493b71-76be-3ba3-02d5-bce771f6b0b1" href="a7493b71-76be-3ba3-02d5-bce771f6b0b1.htm">Creer<wbr />Exemplaire</a></li><li><a id="4bbc5fd1-09f6-7499-1367-12639042c653" href="4bbc5fd1-09f6-7499-1367-12639042c653.htm">Get<wbr />Abonnements<wbr />Revue</a></li><li><a id="ee83f504-1e3e-ce19-3073-3ceddc36c44f" href="ee83f504-1e3e-ce19-3073-3ceddc36c44f.htm">Get<wbr />All<wbr />Commandes</a></li><li><a id="64bd1930-6dff-6a13-150a-1b5efff27d13" href="64bd1930-6dff-6a13-150a-1b5efff27d13.htm">Get<wbr />All<wbr />Dvd</a></li><li><a id="25adef7a-312c-e271-4b1a-700c2f827fd7" href="25adef7a-312c-e271-4b1a-700c2f827fd7.htm">Get<wbr />All<wbr />Genres</a></li><li><a id="7fc5ff0d-5ad4-370b-90b1-14c623503ed6" href="7fc5ff0d-5ad4-370b-90b1-14c623503ed6.htm">Get<wbr />All<wbr />Livres</a></li><li><a id="2d6d941a-661c-6801-28dc-102da6ba98b4" href="2d6d941a-661c-6801-28dc-102da6ba98b4.htm">Get<wbr />All<wbr />Publics</a></li><li><a id="7a62dfd6-98a7-3232-d66a-fa7ecf44bedb" href="7a62dfd6-98a7-3232-d66a-fa7ecf44bedb.htm">Get<wbr />All<wbr />Rayons</a></li><li><a id="2e54b072-0ec3-dfd2-84fb-dfdd66eefde4" href="2e54b072-0ec3-dfd2-84fb-dfdd66eefde4.htm">Get<wbr />All<wbr />Revues</a></li><li><a id="3181990f-b604-c608-d8a3-fbc06d9f7cc9" href="3181990f-b604-c608-d8a3-fbc06d9f7cc9.htm">Get<wbr />All<wbr />Suivis</a></li><li><a id="2ccad977-43f6-eec7-8f65-affc29d961b3" href="2ccad977-43f6-eec7-8f65-affc29d961b3.htm">Get<wbr />Authentification</a></li><li><a id="550ed9c9-0c44-f270-7e34-48ba6818051e" href="550ed9c9-0c44-f270-7e34-48ba6818051e.htm">Get<wbr />Commandes<wbr />Document</a></li><li><a id="b38967d8-955f-e413-efe5-82177041ad48" href="b38967d8-955f-e413-efe5-82177041ad48.htm">Get<wbr />Exemplaires<wbr />Revue</a></li><li><a id="da7dffb2-9438-0ff9-7824-e0efa479999f" href="da7dffb2-9438-0ff9-7824-e0efa479999f.htm">Get<wbr />Instance</a></li><li><a id="95b5b65c-767e-a85c-ebda-e21f0751c4c8" href="95b5b65c-767e-a85c-ebda-e21f0751c4c8.htm">Modifier<wbr />Commande<wbr />Document</a></li><li><a id="72a5cdae-670b-be3c-e28a-03fbd2e51a6a" href="72a5cdae-670b-be3c-e28a-03fbd2e51a6a.htm">Supprimer<wbr />Commande<wbr />Document</a></li><li><a id="3f4effce-80a2-563a-3202-db93cc7d3dc8" href="3f4effce-80a2-563a-3202-db93cc7d3dc8.htm">Supprimer<wbr />Commande<wbr />Revue</a></li></tocItems></toc>