﻿<?xml version="1.0" encoding="utf-8"?><toc><breadcrumbs><li><a href="d75eb659-6335-53f6-af7a-81814a21ab7f.htm">Docs</a></li><li><a href="d75eb659-6335-53f6-af7a-81814a21ab7f.htm">mediatek<wbr />Document</a></li><li><a href="07e391de-a4f4-0209-ca5d-3ebd956678f1.htm">Media<wbr />Tek<wbr />Documents.<wbr />dal</a></li></breadcrumbs><tocItems><li><a id="d5b248fe-b3ca-0e5b-9aaa-187afae5d871" class="has-submenu" href="d5b248fe-b3ca-0e5b-9aaa-187afae5d871.htm"><span data-tocFile="../toc/IDAAA.xml" class="icon toggle" onclick="ToggleExpandCollapse(this); return false;"><i class="fa fa-angle-right"> </i></span>Access</a><ul class="toc-menu is-hidden"> </ul></li></tocItems></toc>