﻿<?xml version="1.0" encoding="utf-8"?><toc><breadcrumbs><li><a href="d75eb659-6335-53f6-af7a-81814a21ab7f.htm">Docs</a></li><li><a href="d75eb659-6335-53f6-af7a-81814a21ab7f.htm">mediatek<wbr />Document</a></li><li><a href="c021eb07-3a98-521c-cbc3-410c6a0a9c81.htm">Media<wbr />Tek<wbr />Documents.<wbr />view</a></li><li><a href="cbb38501-7cd0-4248-8c5f-fbb9ce4c8822.htm">Frm<wbr />Mediatek</a></li><li><a href="05c23899-4edd-3429-63e5-e91f1e8ec504.htm">Methods</a></li><li><a href="32f24a56-5080-b606-3e46-628487654a50.htm">Dispose</a></li></breadcrumbs><tocItems><li><a id="4e6d592f-e2c8-a141-dd06-995917a884e7" href="4e6d592f-e2c8-a141-dd06-995917a884e7.htm">Dispose(<wbr />Boolean)</a></li></tocItems></toc>