﻿<?xml version="1.0" encoding="utf-8"?><toc><breadcrumbs><li><a href="d75eb659-6335-53f6-af7a-81814a21ab7f.htm">Docs</a></li><li><a href="d75eb659-6335-53f6-af7a-81814a21ab7f.htm">mediatek<wbr />Document</a></li><li><a href="1879d13b-5086-4fb4-ec22-c705f880be63.htm">Media<wbr />Tek<wbr />Documents.<wbr />model</a></li><li><a href="7bf438b5-6282-1e60-8655-8287be798558.htm">Abonnement</a></li></breadcrumbs><tocItems><li><a id="0172422f-14b0-1306-7a4d-a66bef5adb7d" href="0172422f-14b0-1306-7a4d-a66bef5adb7d.htm">Constructor</a></li><li><a id="f4002d9e-781c-80ff-18d0-313f00b403fb" class="has-submenu" href="f4002d9e-781c-80ff-18d0-313f00b403fb.htm"><span data-tocFile="../toc/IDBABA.xml" class="icon toggle" onclick="ToggleExpandCollapse(this); return false;"><i class="fa fa-angle-right"> </i></span>Properties</a><ul class="toc-menu is-hidden"> </ul></li><li><a id="d495d4ee-6a40-3ba3-0261-801a0d9c83fe" class="has-submenu" href="d495d4ee-6a40-3ba3-0261-801a0d9c83fe.htm"><span data-tocFile="../toc/IDCABA.xml" class="icon toggle" onclick="ToggleExpandCollapse(this); return false;"><i class="fa fa-angle-right"> </i></span>Methods</a><ul class="toc-menu is-hidden"> </ul></li></tocItems></toc>