﻿<?xml version="1.0" encoding="utf-8"?><toc><breadcrumbs><li><a href="d75eb659-6335-53f6-af7a-81814a21ab7f.htm">Docs</a></li><li><a href="d75eb659-6335-53f6-af7a-81814a21ab7f.htm">mediatek<wbr />Document</a></li><li><a href="c021eb07-3a98-521c-cbc3-410c6a0a9c81.htm">Media<wbr />Tek<wbr />Documents.<wbr />view</a></li><li><a href="404d3e6c-e547-672f-e059-a38a819f2a21.htm">Frm<wbr />Alerte<wbr />Abonnement</a></li></breadcrumbs><tocItems><li><a id="5159dcab-285f-b83e-321c-fbfc81008bea" href="5159dcab-285f-b83e-321c-fbfc81008bea.htm">Constructor</a></li><li><a id="449fc21c-fb0e-0e43-a38a-16db6cb6a35f" href="449fc21c-fb0e-0e43-a38a-16db6cb6a35f.htm">Properties</a></li><li><a id="4be93077-7c5c-ced5-e8d7-b24f35f4a505" class="has-submenu" href="4be93077-7c5c-ced5-e8d7-b24f35f4a505.htm"><span data-tocFile="../toc/IDCACA.xml" class="icon toggle" onclick="ToggleExpandCollapse(this); return false;"><i class="fa fa-angle-right"> </i></span>Methods</a><ul class="toc-menu is-hidden"> </ul></li><li><a id="8001ee57-6bb9-99d4-cb65-f01626907a5b" href="8001ee57-6bb9-99d4-cb65-f01626907a5b.htm">Events</a></li></tocItems></toc>