﻿<?xml version="1.0" encoding="utf-8"?><toc><breadcrumbs><li><a href="d75eb659-6335-53f6-af7a-81814a21ab7f.htm">Docs</a></li><li><a href="d75eb659-6335-53f6-af7a-81814a21ab7f.htm">mediatek<wbr />Document</a></li><li><a href="c021eb07-3a98-521c-cbc3-410c6a0a9c81.htm">Media<wbr />Tek<wbr />Documents.<wbr />view</a></li><li><a href="0d3db50d-f847-e95e-5bf7-f316ee4450ae.htm">Frm<wbr />Authentification</a></li><li><a href="93037f4c-4a51-de1f-10ae-90d8fe10efec.htm">Methods</a></li><li><a href="55351119-7530-7d89-5f26-8030aa9d8817.htm">Dispose</a></li></breadcrumbs><tocItems><li><a id="6b171381-9591-005c-ed6e-1ff833b6357d" href="6b171381-9591-005c-ed6e-1ff833b6357d.htm">Dispose(<wbr />Boolean)</a></li></tocItems></toc>