﻿<?xml version="1.0" encoding="utf-8"?><toc><breadcrumbs><li><a href="d75eb659-6335-53f6-af7a-81814a21ab7f.htm">Docs</a></li><li><a href="d75eb659-6335-53f6-af7a-81814a21ab7f.htm">mediatek<wbr />Document</a></li><li><a href="1879d13b-5086-4fb4-ec22-c705f880be63.htm">Media<wbr />Tek<wbr />Documents.<wbr />model</a></li></breadcrumbs><tocItems><li><a id="7bf438b5-6282-1e60-8655-8287be798558" class="has-submenu" href="7bf438b5-6282-1e60-8655-8287be798558.htm"><span data-tocFile="../toc/IDABA.xml" class="icon toggle" onclick="ToggleExpandCollapse(this); return false;"><i class="fa fa-angle-right"> </i></span>Abonnement</a><ul class="toc-menu is-hidden"> </ul></li><li><a id="21f07603-5b6f-36de-8c84-579f60a013ee" class="has-submenu" href="21f07603-5b6f-36de-8c84-579f60a013ee.htm"><span data-tocFile="../toc/IDBBA.xml" class="icon toggle" onclick="ToggleExpandCollapse(this); return false;"><i class="fa fa-angle-right"> </i></span>Categorie</a><ul class="toc-menu is-hidden"> </ul></li><li><a id="bdc51291-59f1-3723-f245-330cffa3ba86" class="has-submenu" href="bdc51291-59f1-3723-f245-330cffa3ba86.htm"><span data-tocFile="../toc/IDCBA.xml" class="icon toggle" onclick="ToggleExpandCollapse(this); return false;"><i class="fa fa-angle-right"> </i></span>Commande</a><ul class="toc-menu is-hidden"> </ul></li><li><a id="eba2e720-b88a-60af-b595-c2fea5beae39" class="has-submenu" href="eba2e720-b88a-60af-b595-c2fea5beae39.htm"><span data-tocFile="../toc/IDDBA.xml" class="icon toggle" onclick="ToggleExpandCollapse(this); return false;"><i class="fa fa-angle-right"> </i></span>Commande<wbr />Document</a><ul class="toc-menu is-hidden"> </ul></li><li><a id="9bd40210-7920-c494-cde0-43d5503cff6d" class="has-submenu" href="9bd40210-7920-c494-cde0-43d5503cff6d.htm"><span data-tocFile="../toc/IDEBA.xml" class="icon toggle" onclick="ToggleExpandCollapse(this); return false;"><i class="fa fa-angle-right"> </i></span>Document</a><ul class="toc-menu is-hidden"> </ul></li><li><a id="116c122c-6bc3-f542-9c6e-fb1bf77f35de" class="has-submenu" href="116c122c-6bc3-f542-9c6e-fb1bf77f35de.htm"><span data-tocFile="../toc/IDFBA.xml" class="icon toggle" onclick="ToggleExpandCollapse(this); return false;"><i class="fa fa-angle-right"> </i></span>Dvd</a><ul class="toc-menu is-hidden"> </ul></li><li><a id="d21ca738-077d-4bb1-0173-58beff5e2490" class="has-submenu" href="d21ca738-077d-4bb1-0173-58beff5e2490.htm"><span data-tocFile="../toc/IDGBA.xml" class="icon toggle" onclick="ToggleExpandCollapse(this); return false;"><i class="fa fa-angle-right"> </i></span>Etat</a><ul class="toc-menu is-hidden"> </ul></li><li><a id="ff7c7d9d-1981-2986-89c1-3b2e153878a9" class="has-submenu" href="ff7c7d9d-1981-2986-89c1-3b2e153878a9.htm"><span data-tocFile="../toc/IDHBA.xml" class="icon toggle" onclick="ToggleExpandCollapse(this); return false;"><i class="fa fa-angle-right"> </i></span>Exemplaire</a><ul class="toc-menu is-hidden"> </ul></li><li><a id="37a169da-5d8c-a24f-4053-b3fb9ca42b50" class="has-submenu" href="37a169da-5d8c-a24f-4053-b3fb9ca42b50.htm"><span data-tocFile="../toc/IDIBA.xml" class="icon toggle" onclick="ToggleExpandCollapse(this); return false;"><i class="fa fa-angle-right"> </i></span>Genre</a><ul class="toc-menu is-hidden"> </ul></li><li><a id="bc52dade-6013-32f6-01c2-e9bb8f3af725" class="has-submenu" href="bc52dade-6013-32f6-01c2-e9bb8f3af725.htm"><span data-tocFile="../toc/IDJBA.xml" class="icon toggle" onclick="ToggleExpandCollapse(this); return false;"><i class="fa fa-angle-right"> </i></span>Livre</a><ul class="toc-menu is-hidden"> </ul></li><li><a id="f4687fd9-ed80-1c19-1583-c0d8f491eae3" class="has-submenu" href="f4687fd9-ed80-1c19-1583-c0d8f491eae3.htm"><span data-tocFile="../toc/IDKBA.xml" class="icon toggle" onclick="ToggleExpandCollapse(this); return false;"><i class="fa fa-angle-right"> </i></span>Livre<wbr />Dvd</a><ul class="toc-menu is-hidden"> </ul></li><li><a id="509dbe69-fa60-8917-bbf6-4704352d174e" class="has-submenu" href="509dbe69-fa60-8917-bbf6-4704352d174e.htm"><span data-tocFile="../toc/IDLBA.xml" class="icon toggle" onclick="ToggleExpandCollapse(this); return false;"><i class="fa fa-angle-right"> </i></span>Public</a><ul class="toc-menu is-hidden"> </ul></li><li><a id="46523745-0dfa-4513-7bb8-b270470c17a5" class="has-submenu" href="46523745-0dfa-4513-7bb8-b270470c17a5.htm"><span data-tocFile="../toc/IDMBA.xml" class="icon toggle" onclick="ToggleExpandCollapse(this); return false;"><i class="fa fa-angle-right"> </i></span>Rayon</a><ul class="toc-menu is-hidden"> </ul></li><li><a id="f92fc948-4407-b394-ce58-a7d6dd5a9a87" class="has-submenu" href="f92fc948-4407-b394-ce58-a7d6dd5a9a87.htm"><span data-tocFile="../toc/IDNBA.xml" class="icon toggle" onclick="ToggleExpandCollapse(this); return false;"><i class="fa fa-angle-right"> </i></span>Revue</a><ul class="toc-menu is-hidden"> </ul></li><li><a id="07453bc1-2931-06c4-e99b-9561c4345d35" class="has-submenu" href="07453bc1-2931-06c4-e99b-9561c4345d35.htm"><span data-tocFile="../toc/IDOBA.xml" class="icon toggle" onclick="ToggleExpandCollapse(this); return false;"><i class="fa fa-angle-right"> </i></span>Service</a><ul class="toc-menu is-hidden"> </ul></li><li><a id="7874b634-fab3-a262-6bde-9594faeb1ba6" class="has-submenu" href="7874b634-fab3-a262-6bde-9594faeb1ba6.htm"><span data-tocFile="../toc/IDPBA.xml" class="icon toggle" onclick="ToggleExpandCollapse(this); return false;"><i class="fa fa-angle-right"> </i></span>Suivi</a><ul class="toc-menu is-hidden"> </ul></li><li><a id="687ade85-4aaf-200e-edc9-18237f421504" class="has-submenu" href="687ade85-4aaf-200e-edc9-18237f421504.htm"><span data-tocFile="../toc/IDQBA.xml" class="icon toggle" onclick="ToggleExpandCollapse(this); return false;"><i class="fa fa-angle-right"> </i></span>Utilisateur</a><ul class="toc-menu is-hidden"> </ul></li></tocItems></toc>