﻿<?xml version="1.0" encoding="utf-8"?><toc><breadcrumbs><li><a href="d75eb659-6335-53f6-af7a-81814a21ab7f.htm">Docs</a></li><li><a href="d75eb659-6335-53f6-af7a-81814a21ab7f.htm">mediatek<wbr />Document</a></li><li><a href="1879d13b-5086-4fb4-ec22-c705f880be63.htm">Media<wbr />Tek<wbr />Documents.<wbr />model</a></li><li><a href="7bf438b5-6282-1e60-8655-8287be798558.htm">Abonnement</a></li><li><a href="f4002d9e-781c-80ff-18d0-313f00b403fb.htm">Properties</a></li></breadcrumbs><tocItems><li><a id="b0b7e026-9e06-8c5e-c07f-918aceeeca0d" href="b0b7e026-9e06-8c5e-c07f-918aceeeca0d.htm">Date<wbr />Fin<wbr />Abonnement</a></li><li><a id="2df9f4d8-4bc0-6362-0f93-37790e17aa4c" href="2df9f4d8-4bc0-6362-0f93-37790e17aa4c.htm">Id<wbr />Revue</a></li></tocItems></toc>