﻿<?xml version="1.0" encoding="utf-8"?><toc><breadcrumbs><li><a href="d75eb659-6335-53f6-af7a-81814a21ab7f.htm">Docs</a></li><li><a href="d75eb659-6335-53f6-af7a-81814a21ab7f.htm">mediatek<wbr />Document</a></li><li><a href="1879d13b-5086-4fb4-ec22-c705f880be63.htm">Media<wbr />Tek<wbr />Documents.<wbr />model</a></li><li><a href="21f07603-5b6f-36de-8c84-579f60a013ee.htm">Categorie</a></li><li><a href="fbaddcc9-cede-b082-7f5a-0a5ff2d397f2.htm">Properties</a></li></breadcrumbs><tocItems><li><a id="f676c367-3d66-6d5c-8436-248733ab24d6" href="f676c367-3d66-6d5c-8436-248733ab24d6.htm">Id</a></li><li><a id="d52891a8-c30c-ff42-69f0-c2fdf6187495" href="d52891a8-c30c-ff42-69f0-c2fdf6187495.htm">Libelle</a></li></tocItems></toc>