﻿<?xml version="1.0" encoding="utf-8"?><toc><breadcrumbs><li><a href="d75eb659-6335-53f6-af7a-81814a21ab7f.htm">Docs</a></li><li><a href="d75eb659-6335-53f6-af7a-81814a21ab7f.htm">mediatek<wbr />Document</a></li><li><a href="1879d13b-5086-4fb4-ec22-c705f880be63.htm">Media<wbr />Tek<wbr />Documents.<wbr />model</a></li><li><a href="21f07603-5b6f-36de-8c84-579f60a013ee.htm">Categorie</a></li></breadcrumbs><tocItems><li><a id="0e6be98b-e3c1-5c08-0f28-55cf834d0190" href="0e6be98b-e3c1-5c08-0f28-55cf834d0190.htm">Constructor</a></li><li><a id="fbaddcc9-cede-b082-7f5a-0a5ff2d397f2" class="has-submenu" href="fbaddcc9-cede-b082-7f5a-0a5ff2d397f2.htm"><span data-tocFile="../toc/IDBBBA.xml" class="icon toggle" onclick="ToggleExpandCollapse(this); return false;"><i class="fa fa-angle-right"> </i></span>Properties</a><ul class="toc-menu is-hidden"> </ul></li><li><a id="9a756565-cf72-54bc-97ae-101a65c14fcb" class="has-submenu" href="9a756565-cf72-54bc-97ae-101a65c14fcb.htm"><span data-tocFile="../toc/IDCBBA.xml" class="icon toggle" onclick="ToggleExpandCollapse(this); return false;"><i class="fa fa-angle-right"> </i></span>Methods</a><ul class="toc-menu is-hidden"> </ul></li></tocItems></toc>