﻿<?xml version="1.0" encoding="utf-8"?><toc><breadcrumbs><li><a href="d75eb659-6335-53f6-af7a-81814a21ab7f.htm">Docs</a></li><li><a href="d75eb659-6335-53f6-af7a-81814a21ab7f.htm">mediatek<wbr />Document</a></li><li><a href="1879d13b-5086-4fb4-ec22-c705f880be63.htm">Media<wbr />Tek<wbr />Documents.<wbr />model</a></li><li><a href="bdc51291-59f1-3723-f245-330cffa3ba86.htm">Commande</a></li><li><a href="5967e927-3787-b52f-49e2-09eb97b2c08c.htm">Properties</a></li></breadcrumbs><tocItems><li><a id="9d9f7f7d-a143-5b85-b8e3-e710b5a91b75" href="9d9f7f7d-a143-5b85-b8e3-e710b5a91b75.htm">Date<wbr />Commande</a></li><li><a id="e494d376-3c87-f640-7772-e72ac9988b0a" href="e494d376-3c87-f640-7772-e72ac9988b0a.htm">Id</a></li><li><a id="6ad00fec-d7d3-e504-1d3c-19ab613ef52c" href="6ad00fec-d7d3-e504-1d3c-19ab613ef52c.htm">Montant</a></li></tocItems></toc>