﻿<?xml version="1.0" encoding="utf-8"?><toc><breadcrumbs><li><a href="d75eb659-6335-53f6-af7a-81814a21ab7f.htm">Docs</a></li><li><a href="d75eb659-6335-53f6-af7a-81814a21ab7f.htm">mediatek<wbr />Document</a></li><li><a href="c021eb07-3a98-521c-cbc3-410c6a0a9c81.htm">Media<wbr />Tek<wbr />Documents.<wbr />view</a></li><li><a href="cbb38501-7cd0-4248-8c5f-fbb9ce4c8822.htm">Frm<wbr />Mediatek</a></li><li><a href="05c23899-4edd-3429-63e5-e91f1e8ec504.htm">Methods</a></li></breadcrumbs><tocItems><li><a id="32f24a56-5080-b606-3e46-628487654a50" class="has-submenu" href="32f24a56-5080-b606-3e46-628487654a50.htm"><span data-tocFile="../toc/IDABCCA.xml" class="icon toggle" onclick="ToggleExpandCollapse(this); return false;"><i class="fa fa-angle-right"> </i></span>Dispose</a><ul class="toc-menu is-hidden"> </ul></li><li><a id="82c8ce60-115f-521a-42f8-f56bf11324f5" href="82c8ce60-115f-521a-42f8-f56bf11324f5.htm">Remplir<wbr />Combo<wbr />Suivi</a></li><li><a id="c51bff52-3f5d-9677-cc48-45e6a057d5bb" href="c51bff52-3f5d-9677-cc48-45e6a057d5bb.htm">Verifier<wbr />Champs<wbr />Commande<wbr />Revue</a></li></tocItems></toc>