﻿<?xml version="1.0" encoding="utf-8"?><toc><breadcrumbs><li><a href="d75eb659-6335-53f6-af7a-81814a21ab7f.htm">Docs</a></li><li><a href="d75eb659-6335-53f6-af7a-81814a21ab7f.htm">mediatek<wbr />Document</a></li><li><a href="c021eb07-3a98-521c-cbc3-410c6a0a9c81.htm">Media<wbr />Tek<wbr />Documents.<wbr />view</a></li><li><a href="0d3db50d-f847-e95e-5bf7-f316ee4450ae.htm">Frm<wbr />Authentification</a></li></breadcrumbs><tocItems><li><a id="2a832d05-50f6-1b49-d79b-2b3477187afb" href="2a832d05-50f6-1b49-d79b-2b3477187afb.htm">Constructor</a></li><li><a id="0eef0664-33b6-27c0-25bb-2d4ea41914e6" href="0eef0664-33b6-27c0-25bb-2d4ea41914e6.htm">Properties</a></li><li><a id="93037f4c-4a51-de1f-10ae-90d8fe10efec" class="has-submenu" href="93037f4c-4a51-de1f-10ae-90d8fe10efec.htm"><span data-tocFile="../toc/IDCBCA.xml" class="icon toggle" onclick="ToggleExpandCollapse(this); return false;"><i class="fa fa-angle-right"> </i></span>Methods</a><ul class="toc-menu is-hidden"> </ul></li><li><a id="c9200e08-dfd0-1a3b-0356-b7c706649dfd" href="c9200e08-dfd0-1a3b-0356-b7c706649dfd.htm">Events</a></li></tocItems></toc>