﻿<?xml version="1.0" encoding="utf-8"?><toc><breadcrumbs><li><a href="d75eb659-6335-53f6-af7a-81814a21ab7f.htm">Docs</a></li><li><a href="d75eb659-6335-53f6-af7a-81814a21ab7f.htm">mediatek<wbr />Document</a></li><li><a href="1879d13b-5086-4fb4-ec22-c705f880be63.htm">Media<wbr />Tek<wbr />Documents.<wbr />model</a></li><li><a href="eba2e720-b88a-60af-b595-c2fea5beae39.htm">Commande<wbr />Document</a></li><li><a href="97d75fc1-94de-e9c8-e7c3-cfecd609c445.htm">Properties</a></li></breadcrumbs><tocItems><li><a id="f0d3ee39-f873-3192-4195-cd042239dfd1" href="f0d3ee39-f873-3192-4195-cd042239dfd1.htm">Id<wbr />Livre<wbr />Dvd</a></li><li><a id="2ba71d47-4a39-10dd-5c77-12f69be019dd" href="2ba71d47-4a39-10dd-5c77-12f69be019dd.htm">Id<wbr />Suivi</a></li><li><a id="1b9a71a3-9a60-9bf4-4b8a-72c29d52845c" href="1b9a71a3-9a60-9bf4-4b8a-72c29d52845c.htm">Libelle<wbr />Suivi</a></li><li><a id="656cfed5-d656-35c2-4f06-8b3a06b48c9e" href="656cfed5-d656-35c2-4f06-8b3a06b48c9e.htm">Nb<wbr />Exemplaire</a></li></tocItems></toc>