﻿<?xml version="1.0" encoding="utf-8"?><toc><breadcrumbs><li><a href="d75eb659-6335-53f6-af7a-81814a21ab7f.htm">Docs</a></li><li><a href="d75eb659-6335-53f6-af7a-81814a21ab7f.htm">mediatek<wbr />Document</a></li><li><a href="1879d13b-5086-4fb4-ec22-c705f880be63.htm">Media<wbr />Tek<wbr />Documents.<wbr />model</a></li><li><a href="9bd40210-7920-c494-cde0-43d5503cff6d.htm">Document</a></li><li><a href="bc03e37c-ce59-ee0e-575d-f6ef21fa7fe1.htm">Properties</a></li></breadcrumbs><tocItems><li><a id="c2d6229a-153d-ca45-36fa-21b3649ad2ee" href="c2d6229a-153d-ca45-36fa-21b3649ad2ee.htm">Genre</a></li><li><a id="120870b9-aec2-f5bd-b9c2-b17d58023f60" href="120870b9-aec2-f5bd-b9c2-b17d58023f60.htm">Id</a></li><li><a id="a2ac83a7-e0c4-a0ce-90b5-909f0bb57fc3" href="a2ac83a7-e0c4-a0ce-90b5-909f0bb57fc3.htm">Id<wbr />Genre</a></li><li><a id="c1d5a470-983c-5851-35b8-0589a338b4ff" href="c1d5a470-983c-5851-35b8-0589a338b4ff.htm">Id<wbr />Public</a></li><li><a id="d9df7fbc-7fec-e2c6-5ef1-1975ae2b1d33" href="d9df7fbc-7fec-e2c6-5ef1-1975ae2b1d33.htm">Id<wbr />Rayon</a></li><li><a id="0e315300-6350-49d2-d1bd-c4255976eb11" href="0e315300-6350-49d2-d1bd-c4255976eb11.htm">Image</a></li><li><a id="13b47b87-0436-4257-1a5a-c6cfc177097b" href="13b47b87-0436-4257-1a5a-c6cfc177097b.htm">Public</a></li><li><a id="0d3669a0-5b24-185b-15ed-eb1fadf053cf" href="0d3669a0-5b24-185b-15ed-eb1fadf053cf.htm">Rayon</a></li><li><a id="15d40d65-6284-bb70-b908-c71df775fc3d" href="15d40d65-6284-bb70-b908-c71df775fc3d.htm">Titre</a></li></tocItems></toc>