﻿<?xml version="1.0" encoding="utf-8"?><toc><breadcrumbs><li><a href="d75eb659-6335-53f6-af7a-81814a21ab7f.htm">Docs</a></li><li><a href="d75eb659-6335-53f6-af7a-81814a21ab7f.htm">mediatek<wbr />Document</a></li><li><a href="1879d13b-5086-4fb4-ec22-c705f880be63.htm">Media<wbr />Tek<wbr />Documents.<wbr />model</a></li><li><a href="116c122c-6bc3-f542-9c6e-fb1bf77f35de.htm">Dvd</a></li><li><a href="193e92e8-6a6d-14ba-1728-374c9882fc90.htm">Properties</a></li></breadcrumbs><tocItems><li><a id="e0662a00-23c1-3b80-f58a-a44a0b7c79c8" href="e0662a00-23c1-3b80-f58a-a44a0b7c79c8.htm">Duree</a></li><li><a id="b9adea93-07af-e142-66d9-bfe6075c2aad" href="b9adea93-07af-e142-66d9-bfe6075c2aad.htm">Realisateur</a></li><li><a id="ad3cecb0-1a9a-ee5c-2920-8d7673a52df4" href="ad3cecb0-1a9a-ee5c-2920-8d7673a52df4.htm">Synopsis</a></li></tocItems></toc>