﻿<?xml version="1.0" encoding="utf-8"?><toc><breadcrumbs><li><a href="d75eb659-6335-53f6-af7a-81814a21ab7f.htm">Docs</a></li><li><a href="d75eb659-6335-53f6-af7a-81814a21ab7f.htm">mediatek<wbr />Document</a></li><li><a href="1879d13b-5086-4fb4-ec22-c705f880be63.htm">Media<wbr />Tek<wbr />Documents.<wbr />model</a></li><li><a href="d21ca738-077d-4bb1-0173-58beff5e2490.htm">Etat</a></li><li><a href="e355422c-6124-64ff-bc79-b04afe1f3469.htm">Properties</a></li></breadcrumbs><tocItems><li><a id="2f199e69-f39c-bd44-693f-e34cda5d9abb" href="2f199e69-f39c-bd44-693f-e34cda5d9abb.htm">Id</a></li><li><a id="e89beabf-e8bf-4bb3-b63c-9cb6e4611310" href="e89beabf-e8bf-4bb3-b63c-9cb6e4611310.htm">Libelle</a></li></tocItems></toc>