﻿<?xml version="1.0" encoding="utf-8"?><toc><breadcrumbs><li><a href="d75eb659-6335-53f6-af7a-81814a21ab7f.htm">Docs</a></li><li><a href="d75eb659-6335-53f6-af7a-81814a21ab7f.htm">mediatek<wbr />Document</a></li><li><a href="1879d13b-5086-4fb4-ec22-c705f880be63.htm">Media<wbr />Tek<wbr />Documents.<wbr />model</a></li><li><a href="ff7c7d9d-1981-2986-89c1-3b2e153878a9.htm">Exemplaire</a></li><li><a href="d87d890d-e6d6-4606-98fa-a47f15717d05.htm">Properties</a></li></breadcrumbs><tocItems><li><a id="bad41b00-ac4c-75e5-56e6-c3c0203f1642" href="bad41b00-ac4c-75e5-56e6-c3c0203f1642.htm">Date<wbr />Achat</a></li><li><a id="c4f21146-0957-44a0-8c13-daa3e91be28d" href="c4f21146-0957-44a0-8c13-daa3e91be28d.htm">Id</a></li><li><a id="ea430dbe-37b9-0fe7-5252-69bf7872c09c" href="ea430dbe-37b9-0fe7-5252-69bf7872c09c.htm">Id<wbr />Etat</a></li><li><a id="db828730-0d76-9cca-863e-cc5e4f3a69e5" href="db828730-0d76-9cca-863e-cc5e4f3a69e5.htm">Numero</a></li><li><a id="8c7716a0-a51f-2ac8-37ed-a9dade5f753f" href="8c7716a0-a51f-2ac8-37ed-a9dade5f753f.htm">Photo</a></li></tocItems></toc>