﻿<?xml version="1.0" encoding="utf-8"?><toc><breadcrumbs><li><a href="d75eb659-6335-53f6-af7a-81814a21ab7f.htm">Docs</a></li><li><a href="d75eb659-6335-53f6-af7a-81814a21ab7f.htm">mediatek<wbr />Document</a></li><li><a href="1879d13b-5086-4fb4-ec22-c705f880be63.htm">Media<wbr />Tek<wbr />Documents.<wbr />model</a></li><li><a href="bc52dade-6013-32f6-01c2-e9bb8f3af725.htm">Livre</a></li><li><a href="f77ab18f-fffa-0c98-b8be-2662ac18ed44.htm">Properties</a></li></breadcrumbs><tocItems><li><a id="ab73fa2f-1129-2ba8-80a9-1ae49901493b" href="ab73fa2f-1129-2ba8-80a9-1ae49901493b.htm">Auteur</a></li><li><a id="86bf76bb-6762-4bad-d1f2-97eeee659220" href="86bf76bb-6762-4bad-d1f2-97eeee659220.htm">Collection</a></li><li><a id="b35e66de-85eb-6550-0c8f-e3a8eca35043" href="b35e66de-85eb-6550-0c8f-e3a8eca35043.htm">Isbn</a></li></tocItems></toc>