﻿<?xml version="1.0" encoding="utf-8"?><toc><breadcrumbs><li><a href="d75eb659-6335-53f6-af7a-81814a21ab7f.htm">Docs</a></li><li><a href="d75eb659-6335-53f6-af7a-81814a21ab7f.htm">mediatek<wbr />Document</a></li><li><a href="1879d13b-5086-4fb4-ec22-c705f880be63.htm">Media<wbr />Tek<wbr />Documents.<wbr />model</a></li><li><a href="f92fc948-4407-b394-ce58-a7d6dd5a9a87.htm">Revue</a></li><li><a href="ab079bb9-2381-14df-0077-419acb49ef67.htm">Properties</a></li></breadcrumbs><tocItems><li><a id="53872ce0-24ca-de6b-7995-bf9f0068a16d" href="53872ce0-24ca-de6b-7995-bf9f0068a16d.htm">Delai<wbr />Mise<wbr />ADispo</a></li><li><a id="4a65d9f2-f5ae-f7d7-265d-a0ff853e728c" href="4a65d9f2-f5ae-f7d7-265d-a0ff853e728c.htm">Periodicite</a></li></tocItems></toc>