﻿<?xml version="1.0" encoding="utf-8"?><toc><breadcrumbs><li><a href="d75eb659-6335-53f6-af7a-81814a21ab7f.htm">Docs</a></li><li><a href="d75eb659-6335-53f6-af7a-81814a21ab7f.htm">mediatek<wbr />Document</a></li><li><a href="1879d13b-5086-4fb4-ec22-c705f880be63.htm">Media<wbr />Tek<wbr />Documents.<wbr />model</a></li><li><a href="07453bc1-2931-06c4-e99b-9561c4345d35.htm">Service</a></li><li><a href="5faf367b-2346-cba4-55bd-79c1a4a60b15.htm">Properties</a></li></breadcrumbs><tocItems><li><a id="2b98080f-2eaa-2657-f7ef-77dffcfe72ce" href="2b98080f-2eaa-2657-f7ef-77dffcfe72ce.htm">Id</a></li><li><a id="1ee7a638-8273-a509-e399-6c828f6e8b5f" href="1ee7a638-8273-a509-e399-6c828f6e8b5f.htm">Libelle</a></li></tocItems></toc>