﻿<?xml version="1.0" encoding="utf-8"?><toc><breadcrumbs><li><a href="d75eb659-6335-53f6-af7a-81814a21ab7f.htm">Docs</a></li><li><a href="d75eb659-6335-53f6-af7a-81814a21ab7f.htm">mediatek<wbr />Document</a></li><li><a href="1879d13b-5086-4fb4-ec22-c705f880be63.htm">Media<wbr />Tek<wbr />Documents.<wbr />model</a></li><li><a href="7874b634-fab3-a262-6bde-9594faeb1ba6.htm">Suivi</a></li><li><a href="0885ab1a-85c3-4d09-0bf4-06d8c16cfb4e.htm">Properties</a></li></breadcrumbs><tocItems><li><a id="0f274836-f6f9-9658-8454-a9e1dfc13366" href="0f274836-f6f9-9658-8454-a9e1dfc13366.htm">Id</a></li><li><a id="40c8ea9b-a5e5-50bb-ee33-68b13d2e66fa" href="40c8ea9b-a5e5-50bb-ee33-68b13d2e66fa.htm">Libelle</a></li></tocItems></toc>