﻿<?xml version="1.0" encoding="utf-8"?><toc><breadcrumbs><li><a href="d75eb659-6335-53f6-af7a-81814a21ab7f.htm">Docs</a></li><li><a href="d75eb659-6335-53f6-af7a-81814a21ab7f.htm">mediatek<wbr />Document</a></li><li><a href="1879d13b-5086-4fb4-ec22-c705f880be63.htm">Media<wbr />Tek<wbr />Documents.<wbr />model</a></li><li><a href="687ade85-4aaf-200e-edc9-18237f421504.htm">Utilisateur</a></li><li><a href="09a70a49-4068-e019-756e-261e29c04239.htm">Properties</a></li></breadcrumbs><tocItems><li><a id="d02961ca-67ea-b17c-ee88-19b771abd684" href="d02961ca-67ea-b17c-ee88-19b771abd684.htm">Id<wbr />Service</a></li><li><a id="a6f44a06-655d-037b-2b3c-3367b38eb75b" href="a6f44a06-655d-037b-2b3c-3367b38eb75b.htm">Login</a></li><li><a id="ac389093-7173-0daa-cb14-52c05cfc11be" href="ac389093-7173-0daa-cb14-52c05cfc11be.htm">Nom</a></li><li><a id="955965ae-67b5-252f-fb99-b66d634c3f63" href="955965ae-67b5-252f-fb99-b66d634c3f63.htm">Password</a></li><li><a id="4d122e4e-f2f2-a462-1562-af4fe0acfc62" href="4d122e4e-f2f2-a462-1562-af4fe0acfc62.htm">Prenom</a></li><li><a id="8f96da11-d9c7-dc03-1c32-9012cf68d740" href="8f96da11-d9c7-dc03-1c32-9012cf68d740.htm">Service</a></li></tocItems></toc>