﻿<?xml version="1.0" encoding="utf-8"?><toc><breadcrumbs><li><a href="d75eb659-6335-53f6-af7a-81814a21ab7f.htm">Docs</a></li><li><a href="d75eb659-6335-53f6-af7a-81814a21ab7f.htm">mediatek<wbr />Document</a></li><li><a href="1879d13b-5086-4fb4-ec22-c705f880be63.htm">Media<wbr />Tek<wbr />Documents.<wbr />model</a></li><li><a href="7bf438b5-6282-1e60-8655-8287be798558.htm">Abonnement</a></li><li><a href="d495d4ee-6a40-3ba3-0261-801a0d9c83fe.htm">Methods</a></li></breadcrumbs><tocItems><li><a id="1e1844b3-b227-09a5-073e-2ea9260530fa" href="1e1844b3-b227-09a5-073e-2ea9260530fa.htm">Parution<wbr />Dans<wbr />Abonnement</a></li></tocItems></toc>