﻿<?xml version="1.0" encoding="utf-8"?><toc><breadcrumbs><li><a href="d75eb659-6335-53f6-af7a-81814a21ab7f.htm">Docs</a></li><li><a href="d75eb659-6335-53f6-af7a-81814a21ab7f.htm">mediatek<wbr />Document</a></li><li><a href="c021eb07-3a98-521c-cbc3-410c6a0a9c81.htm">Media<wbr />Tek<wbr />Documents.<wbr />view</a></li><li><a href="404d3e6c-e547-672f-e059-a38a819f2a21.htm">Frm<wbr />Alerte<wbr />Abonnement</a></li><li><a href="4be93077-7c5c-ced5-e8d7-b24f35f4a505.htm">Methods</a></li></breadcrumbs><tocItems><li><a id="b5502a8e-e766-7479-f7ff-1e1722a6a1fd" class="has-submenu" href="b5502a8e-e766-7479-f7ff-1e1722a6a1fd.htm"><span data-tocFile="../toc/IDACACA.xml" class="icon toggle" onclick="ToggleExpandCollapse(this); return false;"><i class="fa fa-angle-right"> </i></span>Dispose</a><ul class="toc-menu is-hidden"> </ul></li></tocItems></toc>