﻿<?xml version="1.0" encoding="utf-8"?><toc><breadcrumbs><li><a href="d75eb659-6335-53f6-af7a-81814a21ab7f.htm">Docs</a></li><li><a href="d75eb659-6335-53f6-af7a-81814a21ab7f.htm">mediatek<wbr />Document</a></li><li><a href="c021eb07-3a98-521c-cbc3-410c6a0a9c81.htm">Media<wbr />Tek<wbr />Documents.<wbr />view</a></li></breadcrumbs><tocItems><li><a id="404d3e6c-e547-672f-e059-a38a819f2a21" class="has-submenu" href="404d3e6c-e547-672f-e059-a38a819f2a21.htm"><span data-tocFile="../toc/IDACA.xml" class="icon toggle" onclick="ToggleExpandCollapse(this); return false;"><i class="fa fa-angle-right"> </i></span>Frm<wbr />Alerte<wbr />Abonnement</a><ul class="toc-menu is-hidden"> </ul></li><li><a id="0d3db50d-f847-e95e-5bf7-f316ee4450ae" class="has-submenu" href="0d3db50d-f847-e95e-5bf7-f316ee4450ae.htm"><span data-tocFile="../toc/IDBCA.xml" class="icon toggle" onclick="ToggleExpandCollapse(this); return false;"><i class="fa fa-angle-right"> </i></span>Frm<wbr />Authentification</a><ul class="toc-menu is-hidden"> </ul></li><li><a id="cbb38501-7cd0-4248-8c5f-fbb9ce4c8822" class="has-submenu" href="cbb38501-7cd0-4248-8c5f-fbb9ce4c8822.htm"><span data-tocFile="../toc/IDCCA.xml" class="icon toggle" onclick="ToggleExpandCollapse(this); return false;"><i class="fa fa-angle-right"> </i></span>Frm<wbr />Mediatek</a><ul class="toc-menu is-hidden"> </ul></li></tocItems></toc>