﻿<?xml version="1.0" encoding="utf-8"?><toc><breadcrumbs><li><a href="d75eb659-6335-53f6-af7a-81814a21ab7f.htm">Docs</a></li><li><a href="d75eb659-6335-53f6-af7a-81814a21ab7f.htm">mediatek<wbr />Document</a></li><li><a href="1879d13b-5086-4fb4-ec22-c705f880be63.htm">Media<wbr />Tek<wbr />Documents.<wbr />model</a></li><li><a href="bdc51291-59f1-3723-f245-330cffa3ba86.htm">Commande</a></li></breadcrumbs><tocItems><li><a id="b708574e-5a42-8024-cb91-a161bc58a571" href="b708574e-5a42-8024-cb91-a161bc58a571.htm">Constructor</a></li><li><a id="5967e927-3787-b52f-49e2-09eb97b2c08c" class="has-submenu" href="5967e927-3787-b52f-49e2-09eb97b2c08c.htm"><span data-tocFile="../toc/IDBCBA.xml" class="icon toggle" onclick="ToggleExpandCollapse(this); return false;"><i class="fa fa-angle-right"> </i></span>Properties</a><ul class="toc-menu is-hidden"> </ul></li><li><a id="c6fe0828-306d-dd9f-6027-abe5f53c3510" href="c6fe0828-306d-dd9f-6027-abe5f53c3510.htm">Methods</a></li></tocItems></toc>