﻿<?xml version="1.0" encoding="utf-8"?><toc><breadcrumbs><li><a href="d75eb659-6335-53f6-af7a-81814a21ab7f.htm">Docs</a></li><li><a href="d75eb659-6335-53f6-af7a-81814a21ab7f.htm">mediatek<wbr />Document</a></li><li><a href="1879d13b-5086-4fb4-ec22-c705f880be63.htm">Media<wbr />Tek<wbr />Documents.<wbr />model</a></li><li><a href="21f07603-5b6f-36de-8c84-579f60a013ee.htm">Categorie</a></li><li><a href="9a756565-cf72-54bc-97ae-101a65c14fcb.htm">Methods</a></li></breadcrumbs><tocItems><li><a id="6a79295e-26fd-477a-2cda-dae951b1abc8" href="6a79295e-26fd-477a-2cda-dae951b1abc8.htm">To<wbr />String</a></li></tocItems></toc>