﻿<?xml version="1.0" encoding="utf-8"?><toc><breadcrumbs><li><a href="d75eb659-6335-53f6-af7a-81814a21ab7f.htm">Docs</a></li><li><a href="d75eb659-6335-53f6-af7a-81814a21ab7f.htm">mediatek<wbr />Document</a></li><li><a href="c021eb07-3a98-521c-cbc3-410c6a0a9c81.htm">Media<wbr />Tek<wbr />Documents.<wbr />view</a></li><li><a href="cbb38501-7cd0-4248-8c5f-fbb9ce4c8822.htm">Frm<wbr />Mediatek</a></li></breadcrumbs><tocItems><li><a id="8d605d9b-d522-55da-2424-1f87585cdef4" href="8d605d9b-d522-55da-2424-1f87585cdef4.htm">Properties</a></li><li><a id="05c23899-4edd-3429-63e5-e91f1e8ec504" class="has-submenu" href="05c23899-4edd-3429-63e5-e91f1e8ec504.htm"><span data-tocFile="../toc/IDBCCA.xml" class="icon toggle" onclick="ToggleExpandCollapse(this); return false;"><i class="fa fa-angle-right"> </i></span>Methods</a><ul class="toc-menu is-hidden"> </ul></li><li><a id="e2f2ef50-8978-41b2-813a-8bc013088a91" href="e2f2ef50-8978-41b2-813a-8bc013088a91.htm">Events</a></li></tocItems></toc>