﻿<?xml version="1.0" encoding="utf-8"?><toc><breadcrumbs><li><a href="d75eb659-6335-53f6-af7a-81814a21ab7f.htm">Docs</a></li><li><a href="d75eb659-6335-53f6-af7a-81814a21ab7f.htm">mediatek<wbr />Document</a></li><li><a href="1879d13b-5086-4fb4-ec22-c705f880be63.htm">Media<wbr />Tek<wbr />Documents.<wbr />model</a></li><li><a href="7874b634-fab3-a262-6bde-9594faeb1ba6.htm">Suivi</a></li><li><a href="3c3bc33f-fa83-c789-5380-da40770cb8c4.htm">Methods</a></li></breadcrumbs><tocItems><li><a id="a652d257-f8a7-9b11-a0d5-f2c0262e3282" href="a652d257-f8a7-9b11-a0d5-f2c0262e3282.htm">To<wbr />String</a></li></tocItems></toc>