﻿<?xml version="1.0" encoding="utf-8"?><toc><breadcrumbs><li><a href="d75eb659-6335-53f6-af7a-81814a21ab7f.htm">Docs</a></li><li><a href="d75eb659-6335-53f6-af7a-81814a21ab7f.htm">mediatek<wbr />Document</a></li><li><a href="1879d13b-5086-4fb4-ec22-c705f880be63.htm">Media<wbr />Tek<wbr />Documents.<wbr />model</a></li><li><a href="eba2e720-b88a-60af-b595-c2fea5beae39.htm">Commande<wbr />Document</a></li></breadcrumbs><tocItems><li><a id="e7ed983b-5360-eac5-f8b5-45ae5e0cfe57" href="e7ed983b-5360-eac5-f8b5-45ae5e0cfe57.htm">Constructor</a></li><li><a id="97d75fc1-94de-e9c8-e7c3-cfecd609c445" class="has-submenu" href="97d75fc1-94de-e9c8-e7c3-cfecd609c445.htm"><span data-tocFile="../toc/IDBDBA.xml" class="icon toggle" onclick="ToggleExpandCollapse(this); return false;"><i class="fa fa-angle-right"> </i></span>Properties</a><ul class="toc-menu is-hidden"> </ul></li><li><a id="46e21f0c-9f71-354f-4113-8b461248fca4" href="46e21f0c-9f71-354f-4113-8b461248fca4.htm">Methods</a></li></tocItems></toc>