﻿<?xml version="1.0" encoding="utf-8"?><toc><breadcrumbs><li><a href="d75eb659-6335-53f6-af7a-81814a21ab7f.htm">Docs</a></li><li><a href="d75eb659-6335-53f6-af7a-81814a21ab7f.htm">mediatek<wbr />Document</a></li><li><a href="1879d13b-5086-4fb4-ec22-c705f880be63.htm">Media<wbr />Tek<wbr />Documents.<wbr />model</a></li><li><a href="9bd40210-7920-c494-cde0-43d5503cff6d.htm">Document</a></li></breadcrumbs><tocItems><li><a id="a854c8a7-96ea-75af-de63-15cec8770315" href="a854c8a7-96ea-75af-de63-15cec8770315.htm">Constructor</a></li><li><a id="bc03e37c-ce59-ee0e-575d-f6ef21fa7fe1" class="has-submenu" href="bc03e37c-ce59-ee0e-575d-f6ef21fa7fe1.htm"><span data-tocFile="../toc/IDBEBA.xml" class="icon toggle" onclick="ToggleExpandCollapse(this); return false;"><i class="fa fa-angle-right"> </i></span>Properties</a><ul class="toc-menu is-hidden"> </ul></li><li><a id="3557b3e4-561f-52ea-7057-376f4f89df48" href="3557b3e4-561f-52ea-7057-376f4f89df48.htm">Methods</a></li></tocItems></toc>