﻿<?xml version="1.0" encoding="utf-8"?><toc><breadcrumbs><li><a href="d75eb659-6335-53f6-af7a-81814a21ab7f.htm">Docs</a></li><li><a href="d75eb659-6335-53f6-af7a-81814a21ab7f.htm">mediatek<wbr />Document</a></li><li><a href="1879d13b-5086-4fb4-ec22-c705f880be63.htm">Media<wbr />Tek<wbr />Documents.<wbr />model</a></li><li><a href="116c122c-6bc3-f542-9c6e-fb1bf77f35de.htm">Dvd</a></li></breadcrumbs><tocItems><li><a id="3802dce5-a5d3-a3b3-ca05-63e9b3462fc7" href="3802dce5-a5d3-a3b3-ca05-63e9b3462fc7.htm">Constructor</a></li><li><a id="193e92e8-6a6d-14ba-1728-374c9882fc90" class="has-submenu" href="193e92e8-6a6d-14ba-1728-374c9882fc90.htm"><span data-tocFile="../toc/IDBFBA.xml" class="icon toggle" onclick="ToggleExpandCollapse(this); return false;"><i class="fa fa-angle-right"> </i></span>Properties</a><ul class="toc-menu is-hidden"> </ul></li><li><a id="6e0675b8-41b0-7ffc-a8de-aaa961eea060" href="6e0675b8-41b0-7ffc-a8de-aaa961eea060.htm">Methods</a></li></tocItems></toc>