﻿<?xml version="1.0" encoding="utf-8"?><toc><breadcrumbs><li><a href="d75eb659-6335-53f6-af7a-81814a21ab7f.htm">Docs</a></li><li><a href="d75eb659-6335-53f6-af7a-81814a21ab7f.htm">mediatek<wbr />Document</a></li><li><a href="1879d13b-5086-4fb4-ec22-c705f880be63.htm">Media<wbr />Tek<wbr />Documents.<wbr />model</a></li><li><a href="d21ca738-077d-4bb1-0173-58beff5e2490.htm">Etat</a></li></breadcrumbs><tocItems><li><a id="21d2f71c-3fab-afd8-c780-dd9feb6451ff" href="21d2f71c-3fab-afd8-c780-dd9feb6451ff.htm">Constructor</a></li><li><a id="e355422c-6124-64ff-bc79-b04afe1f3469" class="has-submenu" href="e355422c-6124-64ff-bc79-b04afe1f3469.htm"><span data-tocFile="../toc/IDBGBA.xml" class="icon toggle" onclick="ToggleExpandCollapse(this); return false;"><i class="fa fa-angle-right"> </i></span>Properties</a><ul class="toc-menu is-hidden"> </ul></li><li><a id="61b9c631-eed5-300b-bd6b-223b7d557221" href="61b9c631-eed5-300b-bd6b-223b7d557221.htm">Methods</a></li></tocItems></toc>