﻿<?xml version="1.0" encoding="utf-8"?><toc><breadcrumbs><li><a href="d75eb659-6335-53f6-af7a-81814a21ab7f.htm">Docs</a></li><li><a href="d75eb659-6335-53f6-af7a-81814a21ab7f.htm">mediatek<wbr />Document</a></li><li><a href="1879d13b-5086-4fb4-ec22-c705f880be63.htm">Media<wbr />Tek<wbr />Documents.<wbr />model</a></li><li><a href="ff7c7d9d-1981-2986-89c1-3b2e153878a9.htm">Exemplaire</a></li></breadcrumbs><tocItems><li><a id="e4cb00a8-a985-938d-29d4-ba1080bfa62a" href="e4cb00a8-a985-938d-29d4-ba1080bfa62a.htm">Constructor</a></li><li><a id="d87d890d-e6d6-4606-98fa-a47f15717d05" class="has-submenu" href="d87d890d-e6d6-4606-98fa-a47f15717d05.htm"><span data-tocFile="../toc/IDBHBA.xml" class="icon toggle" onclick="ToggleExpandCollapse(this); return false;"><i class="fa fa-angle-right"> </i></span>Properties</a><ul class="toc-menu is-hidden"> </ul></li><li><a id="98bbaa1e-8dbe-507c-02fe-391fbfbca7f8" href="98bbaa1e-8dbe-507c-02fe-391fbfbca7f8.htm">Methods</a></li></tocItems></toc>