﻿<?xml version="1.0" encoding="utf-8"?><toc><breadcrumbs><li><a href="d75eb659-6335-53f6-af7a-81814a21ab7f.htm">Docs</a></li><li><a href="d75eb659-6335-53f6-af7a-81814a21ab7f.htm">mediatek<wbr />Document</a></li><li><a href="1879d13b-5086-4fb4-ec22-c705f880be63.htm">Media<wbr />Tek<wbr />Documents.<wbr />model</a></li><li><a href="37a169da-5d8c-a24f-4053-b3fb9ca42b50.htm">Genre</a></li></breadcrumbs><tocItems><li><a id="66e58820-64e0-1fac-a8b9-dd3c3aa87dc9" href="66e58820-64e0-1fac-a8b9-dd3c3aa87dc9.htm">Constructor</a></li><li><a id="83ac24c7-f376-1174-b819-1f02c20c5dc8" href="83ac24c7-f376-1174-b819-1f02c20c5dc8.htm">Properties</a></li><li><a id="465020b3-2c54-196d-0a65-e8d57d2372ef" href="465020b3-2c54-196d-0a65-e8d57d2372ef.htm">Methods</a></li></tocItems></toc>