﻿<?xml version="1.0" encoding="utf-8"?><toc><breadcrumbs><li><a href="d75eb659-6335-53f6-af7a-81814a21ab7f.htm">Docs</a></li><li><a href="d75eb659-6335-53f6-af7a-81814a21ab7f.htm">mediatek<wbr />Document</a></li><li><a href="1879d13b-5086-4fb4-ec22-c705f880be63.htm">Media<wbr />Tek<wbr />Documents.<wbr />model</a></li><li><a href="bc52dade-6013-32f6-01c2-e9bb8f3af725.htm">Livre</a></li></breadcrumbs><tocItems><li><a id="b083de58-be73-b1a6-2ef9-b33f9502dfc0" href="b083de58-be73-b1a6-2ef9-b33f9502dfc0.htm">Constructor</a></li><li><a id="f77ab18f-fffa-0c98-b8be-2662ac18ed44" class="has-submenu" href="f77ab18f-fffa-0c98-b8be-2662ac18ed44.htm"><span data-tocFile="../toc/IDBJBA.xml" class="icon toggle" onclick="ToggleExpandCollapse(this); return false;"><i class="fa fa-angle-right"> </i></span>Properties</a><ul class="toc-menu is-hidden"> </ul></li><li><a id="6061cce1-b3b6-d17f-6de3-7f518baf2a25" href="6061cce1-b3b6-d17f-6de3-7f518baf2a25.htm">Methods</a></li></tocItems></toc>