﻿<?xml version="1.0" encoding="utf-8"?><toc><breadcrumbs><li><a href="d75eb659-6335-53f6-af7a-81814a21ab7f.htm">Docs</a></li><li><a href="d75eb659-6335-53f6-af7a-81814a21ab7f.htm">mediatek<wbr />Document</a></li><li><a href="1879d13b-5086-4fb4-ec22-c705f880be63.htm">Media<wbr />Tek<wbr />Documents.<wbr />model</a></li><li><a href="f4687fd9-ed80-1c19-1583-c0d8f491eae3.htm">Livre<wbr />Dvd</a></li></breadcrumbs><tocItems><li><a id="dbd837b9-6f33-9402-1b51-62b103bf0274" href="dbd837b9-6f33-9402-1b51-62b103bf0274.htm">Constructor</a></li><li><a id="db98dd75-b8b9-39c9-9d22-bfba542e3de2" href="db98dd75-b8b9-39c9-9d22-bfba542e3de2.htm">Properties</a></li><li><a id="a487412e-4f70-e911-29bd-0a8df3ed971d" href="a487412e-4f70-e911-29bd-0a8df3ed971d.htm">Methods</a></li></tocItems></toc>