﻿<?xml version="1.0" encoding="utf-8"?><toc><breadcrumbs><li><a href="d75eb659-6335-53f6-af7a-81814a21ab7f.htm">Docs</a></li><li><a href="d75eb659-6335-53f6-af7a-81814a21ab7f.htm">mediatek<wbr />Document</a></li><li><a href="1879d13b-5086-4fb4-ec22-c705f880be63.htm">Media<wbr />Tek<wbr />Documents.<wbr />model</a></li><li><a href="509dbe69-fa60-8917-bbf6-4704352d174e.htm">Public</a></li></breadcrumbs><tocItems><li><a id="99700924-71c7-6db9-25ef-c0916346679e" href="99700924-71c7-6db9-25ef-c0916346679e.htm">Constructor</a></li><li><a id="8a7c0933-7bc5-a28e-626d-3c5d1ee257bc" href="8a7c0933-7bc5-a28e-626d-3c5d1ee257bc.htm">Properties</a></li><li><a id="9ec05233-1eb4-5d3a-b1a2-bc6bc94d74d0" href="9ec05233-1eb4-5d3a-b1a2-bc6bc94d74d0.htm">Methods</a></li></tocItems></toc>