﻿<?xml version="1.0" encoding="utf-8"?><toc><breadcrumbs><li><a href="d75eb659-6335-53f6-af7a-81814a21ab7f.htm">Docs</a></li><li><a href="d75eb659-6335-53f6-af7a-81814a21ab7f.htm">mediatek<wbr />Document</a></li><li><a href="1879d13b-5086-4fb4-ec22-c705f880be63.htm">Media<wbr />Tek<wbr />Documents.<wbr />model</a></li><li><a href="46523745-0dfa-4513-7bb8-b270470c17a5.htm">Rayon</a></li></breadcrumbs><tocItems><li><a id="655b50e4-feb8-5750-0c32-7ec453b28149" href="655b50e4-feb8-5750-0c32-7ec453b28149.htm">Constructor</a></li><li><a id="358131d9-afa3-98e5-fed3-c8f27fefbd5b" href="358131d9-afa3-98e5-fed3-c8f27fefbd5b.htm">Properties</a></li><li><a id="901f0a4b-3685-2dfa-8e4c-5c3bb9b293b3" href="901f0a4b-3685-2dfa-8e4c-5c3bb9b293b3.htm">Methods</a></li></tocItems></toc>