﻿<?xml version="1.0" encoding="utf-8"?><toc><breadcrumbs><li><a href="d75eb659-6335-53f6-af7a-81814a21ab7f.htm">Docs</a></li><li><a href="d75eb659-6335-53f6-af7a-81814a21ab7f.htm">mediatek<wbr />Document</a></li><li><a href="1879d13b-5086-4fb4-ec22-c705f880be63.htm">Media<wbr />Tek<wbr />Documents.<wbr />model</a></li><li><a href="f92fc948-4407-b394-ce58-a7d6dd5a9a87.htm">Revue</a></li></breadcrumbs><tocItems><li><a id="b0286083-2053-c646-cbd6-92007dbf45bc" href="b0286083-2053-c646-cbd6-92007dbf45bc.htm">Constructor</a></li><li><a id="ab079bb9-2381-14df-0077-419acb49ef67" class="has-submenu" href="ab079bb9-2381-14df-0077-419acb49ef67.htm"><span data-tocFile="../toc/IDBNBA.xml" class="icon toggle" onclick="ToggleExpandCollapse(this); return false;"><i class="fa fa-angle-right"> </i></span>Properties</a><ul class="toc-menu is-hidden"> </ul></li><li><a id="ef80dc00-4b87-f056-1c8f-5e5835bb4636" href="ef80dc00-4b87-f056-1c8f-5e5835bb4636.htm">Methods</a></li></tocItems></toc>