﻿<?xml version="1.0" encoding="utf-8"?><toc><breadcrumbs><li><a href="d75eb659-6335-53f6-af7a-81814a21ab7f.htm">Docs</a></li><li><a href="d75eb659-6335-53f6-af7a-81814a21ab7f.htm">mediatek<wbr />Document</a></li><li><a href="1879d13b-5086-4fb4-ec22-c705f880be63.htm">Media<wbr />Tek<wbr />Documents.<wbr />model</a></li><li><a href="07453bc1-2931-06c4-e99b-9561c4345d35.htm">Service</a></li></breadcrumbs><tocItems><li><a id="e8db2554-ba52-6403-34d4-e7a81d10d0b2" href="e8db2554-ba52-6403-34d4-e7a81d10d0b2.htm">Constructor</a></li><li><a id="5faf367b-2346-cba4-55bd-79c1a4a60b15" class="has-submenu" href="5faf367b-2346-cba4-55bd-79c1a4a60b15.htm"><span data-tocFile="../toc/IDBOBA.xml" class="icon toggle" onclick="ToggleExpandCollapse(this); return false;"><i class="fa fa-angle-right"> </i></span>Properties</a><ul class="toc-menu is-hidden"> </ul></li><li><a id="aead20a2-de0b-7c81-ec0c-6f83b2bc4801" href="aead20a2-de0b-7c81-ec0c-6f83b2bc4801.htm">Methods</a></li></tocItems></toc>