﻿<?xml version="1.0" encoding="utf-8"?><toc><breadcrumbs><li><a href="d75eb659-6335-53f6-af7a-81814a21ab7f.htm">Docs</a></li><li><a href="d75eb659-6335-53f6-af7a-81814a21ab7f.htm">mediatek<wbr />Document</a></li><li><a href="1879d13b-5086-4fb4-ec22-c705f880be63.htm">Media<wbr />Tek<wbr />Documents.<wbr />model</a></li><li><a href="7874b634-fab3-a262-6bde-9594faeb1ba6.htm">Suivi</a></li></breadcrumbs><tocItems><li><a id="39707322-4b3d-22bd-b008-c4bee3a55280" href="39707322-4b3d-22bd-b008-c4bee3a55280.htm">Constructor</a></li><li><a id="0885ab1a-85c3-4d09-0bf4-06d8c16cfb4e" class="has-submenu" href="0885ab1a-85c3-4d09-0bf4-06d8c16cfb4e.htm"><span data-tocFile="../toc/IDBPBA.xml" class="icon toggle" onclick="ToggleExpandCollapse(this); return false;"><i class="fa fa-angle-right"> </i></span>Properties</a><ul class="toc-menu is-hidden"> </ul></li><li><a id="3c3bc33f-fa83-c789-5380-da40770cb8c4" class="has-submenu" href="3c3bc33f-fa83-c789-5380-da40770cb8c4.htm"><span data-tocFile="../toc/IDCPBA.xml" class="icon toggle" onclick="ToggleExpandCollapse(this); return false;"><i class="fa fa-angle-right"> </i></span>Methods</a><ul class="toc-menu is-hidden"> </ul></li></tocItems></toc>