﻿<?xml version="1.0" encoding="utf-8"?><toc><breadcrumbs><li><a href="d75eb659-6335-53f6-af7a-81814a21ab7f.htm">Docs</a></li><li><a href="d75eb659-6335-53f6-af7a-81814a21ab7f.htm">mediatek<wbr />Document</a></li><li><a href="1879d13b-5086-4fb4-ec22-c705f880be63.htm">Media<wbr />Tek<wbr />Documents.<wbr />model</a></li><li><a href="687ade85-4aaf-200e-edc9-18237f421504.htm">Utilisateur</a></li></breadcrumbs><tocItems><li><a id="a90f58ec-791f-b38d-be05-fceb3905d9fa" href="a90f58ec-791f-b38d-be05-fceb3905d9fa.htm">Constructor</a></li><li><a id="09a70a49-4068-e019-756e-261e29c04239" class="has-submenu" href="09a70a49-4068-e019-756e-261e29c04239.htm"><span data-tocFile="../toc/IDBQBA.xml" class="icon toggle" onclick="ToggleExpandCollapse(this); return false;"><i class="fa fa-angle-right"> </i></span>Properties</a><ul class="toc-menu is-hidden"> </ul></li><li><a id="66495446-251d-317d-116a-5f8a74943390" href="66495446-251d-317d-116a-5f8a74943390.htm">Methods</a></li></tocItems></toc>