﻿<?xml version="1.0" encoding="utf-8"?><toc><breadcrumbs><li><a href="d75eb659-6335-53f6-af7a-81814a21ab7f.htm">Docs</a></li></breadcrumbs><tocItems><li><a id="d75eb659-6335-53f6-af7a-81814a21ab7f" class="has-submenu" href="d75eb659-6335-53f6-af7a-81814a21ab7f.htm"><span data-tocFile="../toc/IDA.xml" class="icon toggle" onclick="ToggleExpandCollapse(this); return false;"><i class="fa fa-angle-right"> </i></span>mediatek<wbr />Document</a><ul class="toc-menu is-hidden"> </ul></li></tocItems></toc>